<?xml version="1.0" encoding="UTF-8" standalone="yes"?>
<addon id="script.hello-world" name="Hello World" version="1.0.1" provider-name="Phantom Raspberry Blower">
  <requires>
    <import addon="xbmc.python" version="2.1.0"/>
  </requires>
  <extension point="xbmc.python.script" library="addon.py">
    <provides>executable</provides>
  </extension>
  <extension point="xbmc.addon.metadata">
    <summary lang="en">Hello World</summary>
    <description lang="en">This is my first addon that displays Hello World using a (xbmcgui) Dialog control.</description>
    <disclaimer lang="en">Use at your own risk</disclaimer>
    <language></language>
    <platform>all</platform>
    <license></license>
    <forum></forum>
    <website></website>
    <email></email>
    <source></source>
  </extension>
</addon>