<?xml version="1.0" encoding="UTF-8" standalone="yes"?>
<addon id="script.dashcam" name="Dashcam" version="1.0.1" provider-name="Phantom Raspberry Blower">
  <requires>
    <import addon="xbmc.python" version="2.1.0"/>
  </requires>
  <extension point="xbmc.python.script" library="addon.py">
    <provides>executable</provides>
  </extension>
  <extension point="xbmc.addon.metadata">
    <summary lang="en">Dashcam Recorder</summary>
    <description lang="en">Records video of camera (PiCamera) connected to a Raspberry Pi via the camera serial connector (CSI).</description>
    <disclaimer lang="en">Use at your own risk</disclaimer>
    <language></language>
    <platform>all</platform>
    <license></license>
    <forum>http://forum.phantonraspberryblower.co.uk/showthread.php?tid=00001</forum>
    <website>http://www.phantomraspberryblower.co.uk</website>
    <email>support@phantomraspberryblower.co.uk</email>
    <source></source>
  </extension>
</addon>